"ID","organic","totalN","availN","totalP","availP","availK","availK2","yield","yieldCK","organic_membership","totalN_membership","availN_membership","totalP_membership","availP_membership","availK_membership","availK2_membership","IFI","IFI_Level"
1,15.8,1,118,0.4,2,280,104,4413,1306.5,0.622,0.55,0.712,0.82,0.1,0.434285714285714,0.473846153846154,48.4515326293513,"极高"
2,11.6,0.82,92,0.27,1,277,102,5508,1200,0.244,0.388,0.478,0.352,0.1,0.426571428571429,0.46,31.9983480901948,"极高"
3,16.1,1.08,124,0.42,17,418,245,7102.5,4740,0.649,0.622,0.766,0.892,0.841176470588235,0.789142857142857,1,70.333913564675,"极高"
4,6.8,0.56,61,0.2,4,319,165,3678,1635,0.1,0.154,0.199,0.1,0.152941176470588,0.534571428571429,0.896153846153846,28.4484883713656,"极高"
5,16.3,0.98,98,0.31,16,691,313,8431.5,5013,0.667,0.532,0.532,0.496,0.788235294117647,1,1,64.4500903229154,"极高"
6,10.7,0.69,88,0.26,9,259,76,3786,985.5,0.163,0.271,0.442,0.316,0.417647058823529,0.380285714285714,0.28,27.9803720306469,"极高"
7,12.2,0.78,93,0.28,26,403,174,5928,2520,0.298,0.352,0.487,0.388,1,0.750571428571429,0.958461538461538,52.2889264328644,"极高"
8,14.8,0.94,93,0.36,5,256,68,5553,2143.5,0.532,0.496,0.487,0.676,0.205882352941176,0.372571428571429,0.224615384615385,38.9474805151086,"极高"
9,13.4,0.85,94,0.21,4,364,160,4044,31641,0.406,0.415,0.496,0.136,0.152941176470588,0.650285714285714,0.861538461538461,41.1746828924283,"极高"
10,13.1,0.78,87,0.25,11,444,244,5376,2364,0.379,0.352,0.433,0.28,0.523529411764706,0.856,1,49.4477739863906,"极高"
11,12.2,0.75,74,0.3,20,194,59,6115.5,1893,0.298,0.325,0.316,0.46,1,0.213142857142857,0.162307692307692,32.301821408053,"极高"
12,13.3,0.77,79,0.23,2,378,202,3873,1165,0.397,0.343,0.361,0.208,0.1,0.686285714285714,1,41.5999176102248,"极高"
13,18.9,1.16,97,0.45,23,414,190,6741,3858,0.901,0.694,0.523,1,1,0.778857142857143,1,75.2064412121109,"极高"
14,13.9,0.96,131,0.38,19,651,316,6940.5,3909,0.451,0.514,0.829,0.748,0.947058823529412,1,1,68.8437408515063,"极高"
15,17.9,1.09,123,0.28,4,287,141,5944.5,2137.5,0.811,0.631,0.757,0.388,0.152941176470588,0.452285714285714,0.73,51.0503231316423,"极高"
16,8.6,0.57,73,0.35,13,243,96,4524,2950.5,0.1,0.163,0.307,0.64,0.629411764705882,0.339142857142857,0.418461538461538,31.6448932886223,"极高"
17,19.8,1.17,151,0.28,2,235,101,4770,386,0.982,0.703,1,0.388,0.1,0.318571428571429,0.453076923076923,50.5937396607029,"极高"
18,15.9,0.87,135,0.35,18,560,255,6850.5,3985.5,0.631,0.433,0.865,0.64,0.894117647058823,1,1,68.5708280523896,"极高"
19,27.2,1.56,177,0.34,5,359,126,4902,1068,1,1,1,0.604,0.205882352941176,0.637428571428571,0.626153846153846,66.247927876537,"极高"
20,20.1,1.16,191,0.33,13,306,75,5002.5,910.5,1,0.694,1,0.568,0.629411764705882,0.501142857142857,0.273076923076923,58.1410331665284,"极高"
21,11.5,0.7,120,0.28,26,348,198,4239,502.5,0.235,0.28,0.73,0.388,1,0.609142857142857,1,51.0926269233819,"极高"
22,11.8,0.76,156,0.28,22,248,80,4026,958.5,0.262,0.334,1,0.388,1,0.352,0.307692307692308,41.6497269617418,"极高"
23,23.7,1.31,131,0.4,47,412,143,5656.5,3564,1,0.829,0.829,0.82,1,0.773714285714286,0.743846153846154,75.5846898129324,"极高"
24,13.4,0.75,96,0.22,1,202,57,4327.5,2737.5,0.406,0.325,0.514,0.172,0.1,0.233714285714286,0.148461538461538,24.1057188492254,"极高"
25,23.2,1.37,166,0.4,10,373,146,476.1,1300.5,1,0.883,1,0.82,0.470588235294118,0.673428571428571,0.764615384615385,72.1471798487613,"极高"
26,19.4,1.08,119,0.36,6,210,40,4223,2787,0.946,0.622,0.721,0.676,0.258823529411765,0.254285714285714,0.1,45.7539606772652,"极高"
27,16.1,0.92,126,0.32,10,270,84,5775,3928.5,0.649,0.478,0.784,0.532,0.470588235294118,0.408571428571429,0.335384615384615,45.5767226804797,"极高"
28,13,0.76,96,0.34,5,280,139,3805.5,1815,0.37,0.334,0.514,0.604,0.205882352941176,0.434285714285714,0.716153846153846,41.1507159292735,"极高"
29,13.1,0.98,330,0.28,19,331,168,6309,3196.5,0.379,0.532,1,0.388,0.947058823529412,0.565428571428572,0.916923076923077,57.1488193140016,"极高"
30,19,1.15,128,0.3,2,293,82,3661.5,1221,0.91,0.685,0.802,0.46,0.1,0.467714285714286,0.321538461538462,48.9172910982959,"极高"
31,6.6,0.4,59,0.14,8,123,34,5999.5,1573.5,0.1,0.1,0.181,0.1,0.364705882352941,0.1,0.1,12.0003492720794,"极高"
32,12.6,0.77,155,0.33,42,380,204,4026,1405.5,0.334,0.343,1,0.568,1,0.691428571428571,1,59.6736336280102,"极高"
33,17.1,0.98,130,0.35,7,320,144,5250,2775,0.739,0.532,0.82,0.64,0.311764705882353,0.537142857142857,0.750769230769231,55.5611056320699,"极高"
34,8.3,0.63,77,0.27,5,368,57,4770,3567,0.1,0.217,0.343,0.352,0.205882352941176,0.660571428571429,0.148461538461538,26.5331102075436,"极高"
35,11.6,0.66,139,0.27,7,295,68,5773.5,3756,0.244,0.244,0.901,0.352,0.311764705882353,0.472857142857143,0.224615384615385,33.3697202304385,"极高"
36,15.1,0.93,166,0.3,19,220,72,3330,1993.5,0.559,0.487,1,0.46,0.947058823529412,0.28,0.252307692307692,46.6596754097834,"极高"
37,9.7,0.5,71,0.32,5,155,59,5826,1528.5,0.1,0.1,0.289,0.532,0.205882352941176,0.112857142857143,0.162307692307692,18.4931937562421,"极高"
38,9.1,0.51,70,0.33,20,124,51,4563,1546.5,0.1,0.109,0.28,0.568,1,0.1,0.106923076923077,25.0172617902062,"极高"
